transaction_id,date,region,product,amount
TX1001,2019-01-01,apac,gadget,329.73
TX1003,2019-01-01,emea,thingamajig,325.06
TX1004,2019-01-01,apac,gadget,12.26
TX1009,2019-01-01,apac,thingamajig,226.12
TX1011,2019-01-01,amer,widget,148.14
TX1018,2019-01-01,latam,doohickey,398.35
TX1021,2019-01-01,amer,widget,45.56
TX1022,2019-01-01,amer,doohickey,119.7
TX1027,2019-01-01,emea,thingamajig,78.74
TX1031,2019-01-02,amer,doohickey,24.7
TX1036,2019-01-02,emea,widget,56.25
TX1042,2019-01-02,amer,widget,67.07
TX1049,2019-01-02,emea,thingamajig,68.6
TX1052,2019-01-02,amer,gadget,149.97
TX1055,2019-01-02,amer,widget,110.34
TX1060,2019-01-02,apac,gadget,246.87
TX1064,2019-01-02,apac,doohickey,119.52
TX1071,2019-01-02,emea,gadget,355.97
TX1078,2019-01-03,amer,widget,95.96
TX1080,2019-01-03,amer,gadget,591.42
TX1086,2019-01-03,latam,gadget,170.99
TX1089,2019-01-03,amer,thingamajig,41.09
TX1094,2019-01-03,apac,gadget,127.36
TX1099,2019-01-03,emea,widget,168.26
TX1101,2019-01-03,latam,widget,241.97
TX1105,2019-01-03,latam,doohickey,120.36
TX1111,2019-01-04,amer,doohickey,311.13
TX1112,2019-01-04,apac,thingamajig,88.38
TX1113,2019-01-04,amer,gadget,743.03
TX1118,2019-01-04,amer,gadget,590.02
TX1120,2019-01-04,apac,widget,117.38
TX1125,2019-01-04,emea,widget,99.03
TX1128,2019-01-04,amer,gadget,511.32
TX1129,2019-01-04,emea,widget,71.14
TX1136,2019-01-05,apac,gadget,22.21
TX1142,2019-01-05,apac,doohickey,159.77
TX1147,2019-01-05,latam,gadget,499.19
TX1152,2019-01-05,apac,doohickey,342.82
TX1156,2019-01-05,amer,thingamajig,1283.87
TX1161,2019-01-05,apac,gadget,149.13
TX1162,2019-01-05,apac,gadget,104.03
TX1163,2019-01-05,emea,gadget,22.67
TX1164,2019-01-05,amer,widget,570.99
TX1169,2019-01-05,latam,gadget,70.24
TX1174,2019-01-05,latam,gadget,39.06
TX1181,2019-01-05,latam,gadget,158.72
TX1182,2019-01-05,latam,doohickey,29.47
TX1186,2019-01-05,emea,widget,132.08
TX1187,2019-01-05,amer,widget,128.65
TX1189,2019-01-06,latam,gadget,55.63
TX1193,2019-01-06,latam,gadget,53.65
TX1200,2019-01-06,latam,widget,621.18
TX1201,2019-01-06,emea,widget,258.43
TX1208,2019-01-06,apac,thingamajig,458.23
TX1212,2019-01-06,latam,widget,162.57
TX1214,2019-01-06,latam,doohickey,119.33
TX240,2019-02-26,emea,widget,-42.50
TX1221,2019-01-06,amer,thingamajig,374.05
TX1227,2019-01-06,latam,gadget,761.95
TX1229,2019-01-06,emea,widget,89.48
TX1235,2019-01-06,emea,thingamajig,95.31
TX1236,2019-01-07,emea,gadget,782.25
TX1237,2019-01-07,apac,thingamajig,221.95
TX1238,2019-01-07,apac,widget,686.69
TX1243,2019-01-07,amer,doohickey,25.53
TX1245,2019-01-07,amer,gadget,270.88
TX1248,2019-01-07,amer,thingamajig,125.92
TX1251,2019-01-07,emea,widget,639.88
TX1255,2019-01-07,emea,widget,237.95
TX1260,2019-01-07,amer,gadget,62.53
TX1263,2019-01-07,apac,doohickey,515.6
TX1265,2019-01-08,amer,widget,143.38
TX1271,2019-01-08,amer,widget,412.72
TX1273,2019-01-08,emea,gadget,78.72
TX1276,2019-01-08,apac,doohickey,84.43
TX1278,2019-01-08,amer,thingamajig,284.15
TX1281,2019-01-08,emea,widget,570.78
TX1287,2019-01-08,amer,widget,137.22
TX1288,2019-01-08,apac,doohickey,102.39
TX1290,2019-01-08,latam,widget,329.44
TX1291,2019-01-08,apac,widget,23.77
TX1298,2019-01-08,apac,thingamajig,115.59
TX1300,2019-01-08,amer,widget,15.25
TX1302,2019-01-09,emea,doohickey,280.02
TX1309,2019-01-09,latam,gadget,201.97
TX1311,2019-01-09,apac,thingamajig,484.9
TX1312,2019-01-09,amer,thingamajig,52.44
TX1319,2019-01-09,apac,doohickey,271.01
TX1321,2019-01-09,emea,thingamajig,376.57
TX1328,2019-01-09,latam,gadget,14.48
TX1330,2019-01-09,latam,doohickey,412.04
TX1333,2019-01-09,apac,gadget,417.27
TX1334,2019-01-09,latam,doohickey,263.94
TX1337,2019-01-09,amer,doohickey,484.45
TX1343,2019-01-09,amer,widget,175.91
TX1344,2019-01-09,amer,gadget,508.01
TX1345,2019-01-10,latam,doohickey,32.54
TX1351,2019-01-10,latam,widget,375.51
TX1355,2019-01-10,apac,doohickey,556.43
TX1356,2019-01-10,emea,gadget,301.09
TX1359,2019-01-10,amer,doohickey,140.46
TX1365,2019-01-10,amer,doohickey,457.15
TX1371,2019-01-10,latam,doohickey,130.98
TX1376,2019-01-10,latam,thingamajig,37.68
TX1382,2019-01-10,apac,doohickey,335.93
TX1386,2019-01-10,emea,doohickey,195.54
TX1389,2019-01-10,amer,thingamajig,61.63
TX1393,2019-01-10,apac,thingamajig,145.08
TX1399,2019-01-11,amer,widget,26.27
TX1406,2019-01-11,apac,doohickey,733.77
TX1408,2019-01-11,apac,widget,399.27
TX1409,2019-01-11,latam,widget,72.4
TX1413,2019-01-11,apac,thingamajig,133.45
TX1417,2019-01-11,apac,widget,127.46
TX1424,2019-01-11,emea,thingamajig,477.62
TX1426,2019-01-11,latam,widget,51.43
TX1431,2019-01-11,emea,thingamajig,73.79
TX1433,2019-01-11,amer,thingamajig,392.97
TX1440,2019-01-12,latam,gadget,574.66
TX1446,2019-01-12,latam,doohickey,479.44
TX1453,2019-01-12,amer,thingamajig,73.16
TX1459,2019-01-12,latam,widget,70.63
TX1465,2019-01-12,amer,doohickey,85.76
TX1468,2019-01-12,emea,gadget,541.44
TX1470,2019-01-12,apac,gadget,68.12
TX1471,2019-01-12,amer,thingamajig,133.62
TX1475,2019-01-12,latam,thingamajig,20.43
TX1482,2019-01-12,emea,thingamajig,215.54
TX1486,2019-01-12,amer,doohickey,6.42
TX1493,2019-01-12,latam,gadget,123.63
TX1497,2019-01-12,latam,thingamajig,64.45
TX1498,2019-01-12,latam,gadget,123.18
TX1500,2019-01-13,emea,thingamajig,952.71
TX1505,2019-01-13,emea,widget,204.44
TX1511,2019-01-13,latam,gadget,139.33
TX1512,2019-01-13,amer,gadget,77.32
TX1516,2019-01-13,latam,doohickey,99.99
TX1523,2019-01-13,latam,doohickey,729.83
TX1530,2019-01-13,emea,widget,25.51
TX1533,2019-01-13,emea,widget,65.93
TX1540,2019-01-13,apac,gadget,12.57
TX1547,2019-01-13,apac,gadget,9.94
TX1549,2019-01-13,emea,gadget,158.99
TX1553,2019-01-13,amer,gadget,293.53
TX1558,2019-01-13,emea,gadget,229.3
TX1561,2019-01-13,emea,doohickey,32.46
TX1566,2019-01-13,latam,thingamajig,276.48
TX1567,2019-01-14,apac,widget,220.21
TX1573,2019-01-14,emea,widget,360.33
TX1576,2019-01-14,amer,widget,187.61
TX1581,2019-01-14,emea,thingamajig,255.28
TX1588,2019-01-14,latam,doohickey,166.7
TX1594,2019-01-14,latam,gadget,538.21
TX1598,2019-01-14,amer,thingamajig,51.5
TX1602,2019-01-14,amer,doohickey,142.27
TX1609,2019-01-14,emea,doohickey,72.61
TX1613,2019-01-14,latam,thingamajig,72.09
TX1616,2019-01-14,amer,gadget,11.99
TX1618,2019-01-15,amer,doohickey,110.18
TX1621,2019-01-15,amer,widget,514.5
TX1626,2019-01-15,emea,gadget,714.85
TX1632,2019-01-15,apac,thingamajig,130.18
TX1638,2019-01-15,latam,widget,303.62
TX1639,2019-01-15,latam,gadget,88.63
TX1642,2019-01-15,amer,thingamajig,266.73
TX1647,2019-01-15,latam,doohickey,186.68
TX1650,2019-01-15,amer,doohickey,296.25
TX1653,2019-01-15,apac,doohickey,67.9
TX1654,2019-01-15,apac,gadget,330.97
TX1656,2019-01-15,amer,doohickey,327.01
TX1657,2019-01-15,amer,gadget,434.01
TX1660,2019-01-15,emea,gadget,52.46
TX1663,2019-01-15,emea,doohickey,16.18
TX1669,2019-01-16,latam,widget,491.83
TX1676,2019-01-16,amer,thingamajig,7.96
TX1680,2019-01-16,apac,widget,144.36
TX1683,2019-01-16,latam,widget,684.51
TX1690,2019-01-16,latam,widget,21.22
TX1695,2019-01-16,emea,gadget,243.26
TX1697,2019-01-16,amer,widget,405.02
TX1699,2019-01-16,latam,gadget,35.26
TX1706,2019-01-16,latam,thingamajig,182.44
TX1709,2019-01-16,latam,doohickey,477.15
TX1714,2019-01-17,emea,gadget,778.18
TX1720,2019-01-17,emea,gadget,61.89
TX1722,2019-01-17,emea,gadget,50.82
TX1723,2019-01-17,latam,doohickey,131.03
TX1724,2019-01-17,amer,thingamajig,68.19
TX1725,2019-01-17,amer,gadget,284.07
TX1729,2019-01-17,apac,gadget,34.26
TX1732,2019-01-17,emea,widget,425.56
TX1739,2019-01-18,amer,thingamajig,93.23
TX1740,2019-01-18,amer,thingamajig,156.78
TX1743,2019-01-18,latam,thingamajig,171.58
TX1744,2019-01-18,latam,doohickey,223.73
TX1749,2019-01-18,emea,gadget,74.16
TX1755,2019-01-18,emea,doohickey,438.83
TX1760,2019-01-18,apac,thingamajig,14.86
TX1765,2019-01-18,amer,gadget,257.99
TX1770,2019-01-18,latam,widget,142.4
TX1774,2019-01-18,amer,doohickey,107.64
TX1781,2019-01-19,latam,thingamajig,47.08
TX1784,2019-01-19,latam,widget,265.74
TX1788,2019-01-19,amer,doohickey,27.12
TX1789,2019-01-19,latam,widget,848.06
TX1795,2019-01-19,latam,thingamajig,493.49
TX1796,2019-01-19,amer,thingamajig,54.86
TX1802,2019-01-19,emea,gadget,145.03
TX1805,2019-01-19,amer,thingamajig,196.23
TX1811,2019-01-19,emea,gadget,164.13
TX1814,2019-01-20,latam,widget,197.09
TX1816,2019-01-20,emea,thingamajig,1171.64
TX1817,2019-01-20,apac,thingamajig,255.39
TX1823,2019-01-20,amer,thingamajig,87.83
TX1830,2019-01-20,latam,gadget,163.1
TX1834,2019-01-20,latam,gadget,197.32
TX1839,2019-01-20,apac,widget,175.34
TX1842,2019-01-20,latam,doohickey,360.53
TX1849,2019-01-20,emea,doohickey,175.1
TX1855,2019-01-20,latam,gadget,90.11
TX1860,2019-01-21,amer,thingamajig,163.95
TX1864,2019-01-21,apac,gadget,653.21
TX1869,2019-01-21,latam,widget,120.88
TX1872,2019-01-21,latam,thingamajig,332.68
TX1878,2019-01-21,apac,thingamajig,382.31
TX1879,2019-01-21,amer,widget,37.39
TX1886,2019-01-21,emea,thingamajig,452.5
TX1887,2019-01-21,latam,gadget,312.62
TX1888,2019-01-21,amer,doohickey,157.14
TX1893,2019-01-21,emea,doohickey,288.19
TX1900,2019-01-21,latam,doohickey,274.27
TX1906,2019-01-21,latam,widget,309.41
TX1911,2019-01-21,amer,gadget,22.01
TX1917,2019-01-21,emea,widget,27.73
TX1921,2019-01-21,amer,widget,48.67
TX1924,2019-01-22,amer,doohickey,386.68
TX1927,2019-01-22,apac,thingamajig,140.2
TX1932,2019-01-22,apac,gadget,279.82
TX1934,2019-01-22,latam,gadget,24.74
TX1938,2019-01-22,apac,gadget,590.57
TX1942,2019-01-22,latam,doohickey,248.8
TX1948,2019-01-22,latam,doohickey,7.27
TX1954,2019-01-22,emea,thingamajig,194.83
TX1959,2019-01-23,latam,doohickey,90.31
TX1963,2019-01-23,apac,thingamajig,452.91
TX1970,2019-01-23,apac,thingamajig,163.43
TX1975,2019-01-23,amer,doohickey,111.72
TX1976,2019-01-23,latam,doohickey,920.41
TX1977,2019-01-23,emea,thingamajig,205.29
TX1984,2019-01-23,amer,gadget,567.81
TX1989,2019-01-23,apac,gadget,393.59
TX1994,2019-01-23,apac,widget,74.24
TX2000,2019-01-23,amer,thingamajig,254.46
TX2001,2019-01-23,apac,widget,212.96
TX2004,2019-01-23,latam,gadget,99.94
TX2006,2019-01-23,amer,doohickey,39.02
TX2009,2019-01-24,latam,doohickey,593.95
TX2015,2019-01-24,emea,thingamajig,495.39
TX2016,2019-01-24,apac,thingamajig,41.41
TX2023,2019-01-24,amer,widget,396.83
TX2030,2019-01-24,amer,widget,125.44
TX2034,2019-01-24,amer,thingamajig,115.35
TX2041,2019-01-24,amer,widget,249.23
TX2047,2019-01-24,emea,doohickey,68.92
TX2052,2019-01-24,emea,thingamajig,65.05
TX2058,2019-01-24,latam,widget,91.35
TX2059,2019-01-25,amer,thingamajig,706.67
TX2060,2019-01-25,apac,thingamajig,29.54
TX2064,2019-01-25,latam,gadget,116.27
TX2068,2019-01-25,latam,thingamajig,260.36
TX2071,2019-01-25,amer,gadget,12.98
TX2075,2019-01-25,apac,doohickey,146.18
TX2076,2019-01-25,amer,doohickey,955.28
TX2077,2019-01-25,apac,widget,126.86
TX2084,2019-01-25,emea,gadget,422.21
TX2090,2019-01-25,emea,widget,249.86
TX2092,2019-01-26,apac,widget,1083.49
TX2099,2019-01-26,apac,gadget,352.72
TX2106,2019-01-26,amer,gadget,494.09
TX2113,2019-01-26,emea,doohickey,558.9
TX2120,2019-01-26,apac,doohickey,997.86
TX2127,2019-01-26,emea,gadget,51.02
TX2128,2019-01-26,apac,doohickey,111.45
TX2129,2019-01-26,emea,gadget,50.95
TX2135,2019-01-26,emea,widget,136.13
TX2139,2019-01-26,amer,widget,147.73
TX2143,2019-01-26,emea,doohickey,173.21
TX2147,2019-01-26,emea,widget,252.43
TX2151,2019-01-26,latam,widget,456.02
TX2157,2019-01-27,emea,widget,582.11
TX2160,2019-01-27,emea,gadget,229.94
TX2163,2019-01-27,amer,thingamajig,239.96
TX2168,2019-01-27,latam,thingamajig,186.49
TX2169,2019-01-27,emea,gadget,383.12
TX2173,2019-01-27,apac,thingamajig,149.16
TX2176,2019-01-27,latam,thingamajig,426.65
TX2182,2019-01-27,latam,doohickey,28.98
TX2188,2019-01-27,apac,thingamajig,75.61
TX2189,2019-01-27,emea,widget,27.96
TX2193,2019-01-27,amer,gadget,29.37
TX2198,2019-01-27,amer,widget,19.85
TX2202,2019-01-27,latam,widget,109.72
TX2205,2019-01-27,amer,widget,225.16
TX2210,2019-01-27,apac,thingamajig,174.94
TX2217,2019-01-28,amer,widget,32.49
TX2224,2019-01-28,apac,thingamajig,83.36
TX2231,2019-01-28,emea,doohickey,202.56
TX2232,2019-01-28,amer,doohickey,52.75
TX2235,2019-01-28,apac,thingamajig,6.47
TX2236,2019-01-28,emea,widget,41.72
TX2242,2019-01-28,latam,thingamajig,186.45
TX2246,2019-01-28,amer,doohickey,105.05
TX2252,2019-01-28,emea,widget,99.11
TX2254,2019-01-28,emea,widget,46.11
TX2257,2019-01-28,latam,thingamajig,145.49
TX2261,2019-01-29,emea,doohickey,81.57
TX2265,2019-01-29,latam,doohickey,33.21
TX2266,2019-01-29,emea,widget,64.79
TX2268,2019-01-29,apac,gadget,91.09
TX2275,2019-01-29,amer,widget,75.82
TX2276,2019-01-29,latam,gadget,170.1
TX2278,2019-01-29,apac,doohickey,119.81
TX2279,2019-01-29,emea,thingamajig,126.43
TX2280,2019-01-29,emea,doohickey,152.78
TX2285,2019-01-29,latam,thingamajig,139.61
TX2288,2019-01-29,emea,doohickey,34.37
TX2290,2019-01-29,latam,doohickey,392.86
TX2291,2019-01-29,emea,gadget,142.75
TX2295,2019-01-29,emea,thingamajig,218.32
TX2302,2019-01-29,amer,gadget,94.15
TX2309,2019-01-30,emea,gadget,49.18
TX2316,2019-01-30,apac,gadget,108.16
TX2317,2019-01-30,apac,gadget,43.0
TX2322,2019-01-30,emea,gadget,44.82
TX2329,2019-01-30,latam,thingamajig,242.29
TX2335,2019-01-30,amer,doohickey,623.97
TX2337,2019-01-30,latam,thingamajig,144.05
TX2343,2019-01-30,amer,widget,91.57
TX2346,2019-01-30,amer,thingamajig,174.9
TX2350,2019-01-30,amer,doohickey,14.2
TX2351,2019-01-30,emea,thingamajig,253.33
TX2355,2019-01-30,emea,thingamajig,213.39
TX2362,2019-01-30,apac,doohickey,208.48
TX2367,2019-01-31,emea,thingamajig,44.25
TX2368,2019-01-31,amer,widget,404.8
TX2373,2019-01-31,emea,gadget,254.32
TX2379,2019-01-31,latam,gadget,143.2
TX2382,2019-01-31,amer,thingamajig,116.98
TX2386,2019-01-31,emea,doohickey,362.43
TX2387,2019-01-31,latam,doohickey,101.0
TX2390,2019-01-31,apac,doohickey,313.73
TX2391,2019-01-31,apac,doohickey,214.77
TX2394,2019-01-31,latam,gadget,828.82
TX2399,2019-01-31,emea,doohickey,301.13
TX2404,2019-01-31,amer,gadget,118.45
TX2410,2019-01-31,emea,thingamajig,296.23
TX2415,2019-01-31,amer,doohickey,112.8
TX2417,2019-01-31,amer,thingamajig,729.66
TX2419,2019-02-01,apac,widget,2564.28
TX2422,2019-02-01,emea,widget,451.56
TX2428,2019-02-01,apac,thingamajig,103.55
TX2430,2019-02-01,apac,thingamajig,47.49
TX2431,2019-02-01,apac,thingamajig,131.98
TX2436,2019-02-01,latam,gadget,85.49
TX2441,2019-02-01,latam,gadget,70.6
TX2444,2019-02-01,latam,thingamajig,277.2
TX2451,2019-02-01,latam,thingamajig,84.43
TX2453,2019-02-01,apac,doohickey,412.44
TX2454,2019-02-01,amer,widget,250.98
TX2457,2019-02-02,apac,doohickey,26.02
TX2461,2019-02-02,apac,thingamajig,570.71
TX2462,2019-02-02,apac,thingamajig,707.35
TX2465,2019-02-02,latam,widget,644.85
TX2469,2019-02-02,apac,thingamajig,172.32
TX2470,2019-02-02,emea,doohickey,117.77
TX2471,2019-02-02,amer,gadget,443.59
TX2473,2019-02-02,latam,gadget,14.37
TX2480,2019-02-02,latam,widget,298.42
TX2481,2019-02-03,apac,thingamajig,75.95
TX2482,2019-02-03,apac,doohickey,364.25
TX2483,2019-02-03,latam,thingamajig,16.74
TX2484,2019-02-03,latam,widget,33.2
TX2490,2019-02-03,apac,gadget,178.85
TX2493,2019-02-03,amer,gadget,139.59
TX2498,2019-02-03,emea,doohickey,134.32
TX2499,2019-02-03,emea,thingamajig,740.9
TX2506,2019-02-03,latam,doohickey,157.43
TX2512,2019-02-04,emea,doohickey,8.93
TX2514,2019-02-04,emea,doohickey,321.87
TX2516,2019-02-04,amer,gadget,15.88
TX2523,2019-02-04,latam,thingamajig,367.46
TX2529,2019-02-04,apac,widget,53.3
TX2535,2019-02-04,latam,widget,364.27
TX2538,2019-02-04,apac,widget,59.03
TX2541,2019-02-04,latam,thingamajig,655.07
TX2544,2019-02-04,apac,doohickey,13.95
TX2547,2019-02-04,emea,doohickey,480.56
TX2550,2019-02-04,amer,thingamajig,36.9
TX2554,2019-02-04,latam,doohickey,331.37
TX2558,2019-02-05,amer,doohickey,287.69
TX2565,2019-02-05,latam,widget,25.69
TX2569,2019-02-05,apac,doohickey,226.39
TX2572,2019-02-05,amer,doohickey,30.98
TX2575,2019-02-05,latam,gadget,146.71
TX2581,2019-02-05,latam,widget,145.84
TX2587,2019-02-05,amer,thingamajig,494.72
TX2590,2019-02-05,emea,widget,249.84
TX2596,2019-02-05,amer,gadget,248.54
TX2597,2019-02-05,latam,widget,41.97
TX2598,2019-02-06,amer,doohickey,69.6
TX2602,2019-02-06,emea,gadget,721.43
TX2608,2019-02-06,amer,doohickey,148.45
TX2612,2019-02-06,apac,doohickey,350.61
TX2616,2019-02-06,amer,gadget,95.59
TX2617,2019-02-06,apac,thingamajig,11.3
TX2622,2019-02-06,emea,doohickey,122.45
TX2629,2019-02-06,latam,gadget,77.36
TX2634,2019-02-06,latam,gadget,85.71
TX2635,2019-02-06,emea,thingamajig,40.01
TX2641,2019-02-07,emea,doohickey,146.36
TX2647,2019-02-07,emea,doohickey,107.44
TX2650,2019-02-07,apac,doohickey,462.5
TX2655,2019-02-07,apac,gadget,65.94
TX2657,2019-02-07,emea,doohickey,379.98
TX2662,2019-02-07,latam,gadget,208.83
TX2667,2019-02-07,emea,doohickey,522.51
TX2671,2019-02-07,latam,thingamajig,1879.82
TX2678,2019-02-07,emea,gadget,131.4
TX2681,2019-02-07,latam,thingamajig,251.76
TX2683,2019-02-08,apac,gadget,509.82
TX2687,2019-02-08,emea,widget,172.73
TX2692,2019-02-08,apac,gadget,44.86
TX2695,2019-02-08,apac,doohickey,660.04
TX2700,2019-02-08,emea,doohickey,545.74
TX2702,2019-02-08,amer,gadget,246.92
TX2708,2019-02-08,emea,gadget,91.57
TX2713,2019-02-08,apac,gadget,686.73
TX2719,2019-02-08,amer,widget,240.07
TX2726,2019-02-08,emea,widget,483.44
TX2732,2019-02-08,amer,gadget,358.79
TX2739,2019-02-08,emea,thingamajig,208.75
TX2745,2019-02-08,amer,thingamajig,194.29
TX2752,2019-02-09,latam,doohickey,400.25
TX2756,2019-02-09,emea,gadget,23.19
TX2760,2019-02-09,latam,gadget,133.93
TX2763,2019-02-09,amer,doohickey,228.94
TX2769,2019-02-09,amer,thingamajig,1066.95
TX2771,2019-02-09,emea,doohickey,348.17
TX2773,2019-02-09,amer,thingamajig,155.78
TX2775,2019-02-09,emea,doohickey,41.44
TX2779,2019-02-09,latam,gadget,484.11
TX2786,2019-02-09,amer,doohickey,563.23
TX2788,2019-02-09,latam,thingamajig,350.65
TX2791,2019-02-10,emea,thingamajig,170.1
TX2796,2019-02-10,apac,gadget,151.66
TX2801,2019-02-10,emea,doohickey,109.46
TX2805,2019-02-10,latam,doohickey,223.43
TX2810,2019-02-10,emea,thingamajig,6.97
TX2812,2019-02-10,amer,thingamajig,518.83
TX2815,2019-02-10,emea,gadget,16.11
TX2818,2019-02-10,emea,thingamajig,198.37
TX2823,2019-02-10,amer,widget,148.64
TX2825,2019-02-10,latam,doohickey,891.13
TX2832,2019-02-10,amer,gadget,1043.39
TX2834,2019-02-10,latam,widget,226.39
TX2835,2019-02-10,amer,thingamajig,14.53
TX2840,2019-02-10,apac,doohickey,151.55
TX2845,2019-02-10,latam,doohickey,97.04
TX2850,2019-02-11,latam,doohickey,427.87
TX2854,2019-02-11,amer,doohickey,410.95
TX2860,2019-02-11,latam,doohickey,32.86
TX2867,2019-02-11,emea,thingamajig,554.68
TX2870,2019-02-11,apac,widget,824.21
TX2875,2019-02-11,latam,gadget,162.15
TX2882,2019-02-11,emea,widget,279.01
TX2884,2019-02-11,amer,thingamajig,9.59
TX2886,2019-02-11,apac,thingamajig,132.84
TX2891,2019-02-11,latam,widget,362.97
TX2897,2019-02-11,apac,doohickey,40.66
TX2903,2019-02-11,latam,doohickey,161.19
TX2905,2019-02-11,amer,doohickey,152.74
TX2910,2019-02-12,apac,doohickey,163.88
TX2915,2019-02-12,amer,doohickey,90.09
TX2921,2019-02-12,latam,doohickey,60.75
TX2925,2019-02-12,amer,doohickey,107.95
TX2926,2019-02-12,latam,thingamajig,209.5
TX2933,2019-02-12,apac,doohickey,106.6
TX2934,2019-02-12,emea,doohickey,86.4
TX2938,2019-02-12,latam,gadget,261.09
TX2940,2019-02-12,amer,doohickey,427.4
TX2942,2019-02-12,apac,gadget,32.76
TX2943,2019-02-12,apac,gadget,270.96
TX2944,2019-02-12,amer,thingamajig,30.34
TX2950,2019-02-13,emea,gadget,358.52
TX2954,2019-02-13,latam,thingamajig,258.95
TX2960,2019-02-13,amer,doohickey,58.39
TX2963,2019-02-13,emea,gadget,254.16
TX2968,2019-02-13,emea,gadget,327.09
TX2972,2019-02-13,apac,widget,518.4
TX2979,2019-02-13,latam,gadget,126.4
TX2985,2019-02-13,amer,widget,790.67
TX2986,2019-02-13,emea,doohickey,90.05
TX2990,2019-02-14,latam,gadget,1089.55
TX2997,2019-02-14,amer,gadget,173.39
TX3004,2019-02-14,apac,thingamajig,33.68
TX3010,2019-02-14,apac,widget,76.38
TX3016,2019-02-14,amer,gadget,103.68
TX3018,2019-02-14,latam,thingamajig,231.57
TX3023,2019-02-14,latam,widget,100.37
TX3025,2019-02-14,latam,doohickey,965.01
TX3027,2019-02-14,latam,gadget,6.64
TX3031,2019-02-14,amer,doohickey,341.34
TX3036,2019-02-14,emea,doohickey,313.0
TX3042,2019-02-14,apac,widget,111.94
TX3046,2019-02-15,latam,doohickey,92.95
TX3052,2019-02-15,amer,doohickey,34.98
TX3057,2019-02-15,apac,thingamajig,64.89
TX3059,2019-02-15,amer,thingamajig,150.66
TX3065,2019-02-15,latam,gadget,196.23
TX3072,2019-02-15,emea,thingamajig,73.23
TX3077,2019-02-15,emea,widget,296.99
TX3078,2019-02-15,apac,gadget,428.55
TX3080,2019-02-15,latam,widget,100.44
TX3086,2019-02-16,emea,thingamajig,215.01
TX3093,2019-02-16,apac,thingamajig,18.74
TX3097,2019-02-16,latam,doohickey,204.18
TX3103,2019-02-16,amer,widget,10.28
TX3109,2019-02-16,emea,widget,63.99
TX3113,2019-02-16,emea,widget,106.38
TX3114,2019-02-16,latam,widget,1031.85
TX3117,2019-02-16,apac,thingamajig,131.17
TX3120,2019-02-16,latam,thingamajig,1190.98
TX3127,2019-02-16,latam,thingamajig,602.67
TX3128,2019-02-16,apac,doohickey,280.52
TX3130,2019-02-17,latam,gadget,1190.65
TX3136,2019-02-17,emea,widget,929.05
TX3139,2019-02-17,latam,thingamajig,154.22
TX3146,2019-02-17,latam,doohickey,67.62
TX3148,2019-02-17,emea,widget,82.4
TX3155,2019-02-17,emea,gadget,264.05
TX3157,2019-02-17,emea,thingamajig,21.72
TX3162,2019-02-17,emea,gadget,272.56
TX3168,2019-02-17,latam,gadget,15.86
TX3175,2019-02-18,emea,gadget,483.35
TX3180,2019-02-18,apac,doohickey,1213.02
TX3185,2019-02-18,amer,gadget,223.66
TX3188,2019-02-18,apac,thingamajig,506.49
TX3191,2019-02-18,apac,thingamajig,82.23
TX3196,2019-02-18,amer,thingamajig,169.26
TX3203,2019-02-18,latam,thingamajig,183.39
TX3205,2019-02-18,apac,thingamajig,90.56
TX3207,2019-02-18,amer,gadget,459.26
TX3214,2019-02-18,emea,thingamajig,154.23
TX3218,2019-02-18,apac,thingamajig,200.56
TX3221,2019-02-19,emea,thingamajig,59.56
TX3228,2019-02-19,apac,widget,116.3
TX3231,2019-02-19,emea,widget,118.63
TX3233,2019-02-19,apac,thingamajig,396.91
TX3235,2019-02-19,amer,doohickey,493.68
TX3236,2019-02-19,apac,widget,62.12
TX3242,2019-02-19,latam,gadget,1866.54
TX3248,2019-02-19,apac,thingamajig,227.57
TX3250,2019-02-19,amer,thingamajig,197.75
TX3254,2019-02-19,amer,doohickey,188.08
TX3257,2019-02-19,latam,thingamajig,111.98
TX3264,2019-02-20,latam,doohickey,960.25
TX3266,2019-02-20,latam,widget,116.16
TX3271,2019-02-20,apac,widget,483.97
TX3274,2019-02-20,latam,doohickey,198.41
TX3276,2019-02-20,apac,thingamajig,57.41
TX3281,2019-02-20,latam,doohickey,435.06
TX3284,2019-02-20,latam,thingamajig,350.89
TX3288,2019-02-20,amer,gadget,49.21
TX3290,2019-02-20,latam,gadget,310.78
TX3295,2019-02-21,emea,widget,13.26
TX3302,2019-02-21,apac,gadget,6.54
TX3303,2019-02-21,emea,gadget,299.76
TX3308,2019-02-21,emea,thingamajig,151.12
TX3314,2019-02-21,emea,thingamajig,165.6
TX3315,2019-02-21,amer,doohickey,9.05
TX3316,2019-02-21,latam,gadget,172.42
TX3317,2019-02-21,apac,gadget,605.39
TX3322,2019-02-22,amer,doohickey,184.4
TX3329,2019-02-22,amer,thingamajig,126.36
TX3333,2019-02-22,apac,doohickey,204.78
TX3339,2019-02-22,emea,widget,427.55
TX3340,2019-02-22,latam,thingamajig,129.72
TX3341,2019-02-22,apac,widget,248.04
TX3345,2019-02-22,amer,widget,452.95
TX3350,2019-02-22,apac,gadget,608.64
TX3357,2019-02-22,latam,doohickey,287.86
TX3358,2019-02-22,amer,widget,623.99
TX3360,2019-02-22,amer,widget,639.03
TX3365,2019-02-23,latam,widget,42.37
TX3368,2019-02-23,apac,thingamajig,47.55
TX3374,2019-02-23,amer,thingamajig,549.42
TX3381,2019-02-23,emea,doohickey,328.06
TX3382,2019-02-23,apac,widget,29.67
TX3385,2019-02-23,latam,doohickey,228.03
TX3386,2019-02-23,latam,thingamajig,246.31
TX3388,2019-02-23,latam,thingamajig,110.54
TX3390,2019-02-23,latam,widget,278.24
TX3397,2019-02-23,apac,widget,236.35
TX3398,2019-02-23,latam,gadget,79.86
TX3401,2019-02-24,emea,widget,112.37
TX3404,2019-02-24,amer,widget,146.19
TX3406,2019-02-24,latam,thingamajig,26.92
TX3411,2019-02-24,latam,widget,199.18
TX3412,2019-02-24,emea,doohickey,27.53
TX3419,2019-02-24,amer,thingamajig,121.76
TX3423,2019-02-24,apac,gadget,367.49
TX3429,2019-02-24,apac,doohickey,120.01
TX3432,2019-02-24,apac,widget,80.01
TX3434,2019-02-24,latam,doohickey,141.89
TX3438,2019-02-24,amer,doohickey,371.32
TX3440,2019-02-24,latam,gadget,311.28
TX3444,2019-02-24,amer,widget,32.15
TX3448,2019-02-24,latam,doohickey,101.91
TX3451,2019-02-25,apac,doohickey,140.17
TX3454,2019-02-25,apac,thingamajig,226.84
TX3457,2019-02-25,latam,doohickey,51.94
TX3460,2019-02-25,latam,gadget,323.61
TX3463,2019-02-25,latam,doohickey,118.21
TX3464,2019-02-25,apac,gadget,650.42
TX3470,2019-02-25,emea,thingamajig,355.25
TX3476,2019-02-25,amer,widget,61.47
TX3483,2019-02-25,latam,thingamajig,456.8
TX3485,2019-02-25,apac,doohickey,245.79
TX3491,2019-02-25,latam,thingamajig,45.18
TX3492,2019-02-25,latam,thingamajig,148.07
TX3497,2019-02-25,latam,widget,174.55
TX3504,2019-02-25,emea,widget,834.32
TX3511,2019-02-25,amer,gadget,73.48
TX3516,2019-02-26,latam,doohickey,991.63
TX3523,2019-02-26,emea,widget,140.1
TX3526,2019-02-26,apac,thingamajig,65.25
TX3529,2019-02-26,apac,doohickey,124.08
TX3530,2019-02-26,amer,thingamajig,163.22
TX3531,2019-02-26,apac,doohickey,34.61
TX3534,2019-02-26,apac,thingamajig,105.84
TX3537,2019-02-26,latam,thingamajig,160.18
TX3538,2019-02-27,emea,widget,90.69
TX3545,2019-02-27,emea,gadget,105.85
TX3551,2019-02-27,apac,gadget,72.1
TX3554,2019-02-27,latam,gadget,201.95
TX3561,2019-02-27,apac,gadget,129.63
TX3567,2019-02-27,latam,widget,262.02
TX3573,2019-02-27,apac,thingamajig,233.53
TX3578,2019-02-27,emea,gadget,139.72
TX3580,2019-02-27,emea,widget,83.29
TX3587,2019-02-27,apac,doohickey,498.34
TX3590,2019-02-27,emea,doohickey,57.68
TX3596,2019-02-27,amer,thingamajig,481.43
TX3601,2019-02-27,emea,doohickey,124.63
TX3608,2019-02-28,apac,doohickey,151.94
TX3613,2019-02-28,apac,doohickey,219.08
TX3614,2019-02-28,emea,gadget,70.41
TX3617,2019-02-28,latam,thingamajig,288.76
TX3622,2019-02-28,latam,thingamajig,40.6
TX3624,2019-02-28,apac,gadget,165.04
TX3628,2019-02-28,apac,doohickey,86.8
TX3635,2019-02-28,emea,doohickey,148.92
TX3636,2019-02-28,apac,thingamajig,164.08
TX3641,2019-02-28,latam,thingamajig,173.98
TX3647,2019-02-28,latam,thingamajig,167.42
TX3649,2019-02-28,emea,gadget,25.71
TX3652,2019-02-28,apac,doohickey,12.98
TX3659,2019-03-01,latam,widget,151.7
TX3664,2019-03-01,amer,widget,34.11
TX3671,2019-03-01,apac,thingamajig,309.64
TX3672,2019-03-01,apac,doohickey,324.62
TX3679,2019-03-01,latam,doohickey,1752.85
TX3682,2019-03-01,emea,thingamajig,480.67
TX3689,2019-03-01,apac,gadget,1231.15
TX3696,2019-03-01,amer,thingamajig,326.1
TX3698,2019-03-01,apac,gadget,234.8
TX3705,2019-03-01,amer,doohickey,19.69
TX3708,2019-03-02,amer,doohickey,932.18
TX3713,2019-03-02,emea,gadget,79.66
TX3720,2019-03-02,emea,doohickey,374.68
TX3727,2019-03-02,apac,gadget,261.03
TX3729,2019-03-02,apac,thingamajig,303.25
TX3733,2019-03-02,amer,thingamajig,41.8
TX3737,2019-03-02,emea,thingamajig,149.35
TX3742,2019-03-02,amer,thingamajig,337.52
TX3746,2019-03-02,emea,widget,100.15
TX3752,2019-03-02,amer,widget,864.42
TX3754,2019-03-03,apac,thingamajig,832.05
TX3757,2019-03-03,amer,doohickey,98.57
TX3762,2019-03-03,latam,doohickey,212.02
TX3768,2019-03-03,emea,widget,349.77
TX3774,2019-03-03,latam,widget,372.67
TX3775,2019-03-03,apac,thingamajig,641.29
TX3779,2019-03-03,latam,gadget,5.16
TX3785,2019-03-03,amer,gadget,581.33
TX3792,2019-03-03,amer,widget,652.75
TX3798,2019-03-03,emea,doohickey,112.27
TX3804,2019-03-03,apac,widget,566.92
TX3808,2019-03-03,apac,thingamajig,240.79
TX3814,2019-03-03,emea,widget,27.95
TX3816,2019-03-03,apac,gadget,160.47
TX3817,2019-03-04,amer,widget,6.94
TX3824,2019-03-04,apac,thingamajig,136.69
TX3825,2019-03-04,emea,widget,67.4
TX3826,2019-03-04,amer,gadget,95.22
TX3830,2019-03-04,apac,gadget,361.36
TX3831,2019-03-04,emea,gadget,186.47
TX3835,2019-03-04,apac,gadget,108.83
TX3839,2019-03-04,latam,gadget,234.75
TX3840,2019-03-04,apac,widget,549.58
TX3845,2019-03-04,amer,thingamajig,319.25
TX3848,2019-03-04,apac,doohickey,380.79
TX3854,2019-03-04,amer,widget,26.12
TX3861,2019-03-04,amer,gadget,455.67
TX3866,2019-03-04,apac,thingamajig,229.1
TX3869,2019-03-04,apac,thingamajig,254.35
TX3870,2019-03-05,emea,widget,71.21
TX3873,2019-03-05,apac,thingamajig,657.07
TX3880,2019-03-05,latam,doohickey,443.28
TX3885,2019-03-05,latam,widget,280.68
TX3886,2019-03-05,emea,doohickey,217.45
TX3888,2019-03-05,emea,thingamajig,14.75
TX3893,2019-03-05,latam,thingamajig,86.01
TX3899,2019-03-05,apac,doohickey,128.51
TX3900,2019-03-05,apac,gadget,94.02
TX3905,2019-03-05,emea,doohickey,99.95
TX3911,2019-03-05,apac,widget,143.08
TX3913,2019-03-05,latam,widget,26.64
TX3917,2019-03-05,emea,doohickey,232.4
TX3923,2019-03-05,apac,widget,329.87
TX3929,2019-03-06,emea,gadget,40.42
TX3933,2019-03-06,amer,gadget,738.91
TX3936,2019-03-06,amer,widget,37.58
TX3943,2019-03-06,amer,thingamajig,557.37
TX3946,2019-03-06,amer,widget,183.09
TX3950,2019-03-06,amer,widget,150.76
TX3954,2019-03-06,apac,doohickey,475.77
TX3956,2019-03-06,emea,widget,75.69
TX3962,2019-03-07,emea,widget,175.63
TX3964,2019-03-07,amer,thingamajig,16.3
TX3966,2019-03-07,emea,thingamajig,52.32
TX3968,2019-03-07,latam,doohickey,98.2
TX3971,2019-03-07,amer,widget,424.68
TX3976,2019-03-07,emea,gadget,273.51
TX3978,2019-03-07,emea,thingamajig,396.53
TX3979,2019-03-07,amer,doohickey,507.92
TX3982,2019-03-07,latam,widget,26.68
TX3985,2019-03-07,amer,gadget,58.76
TX3989,2019-03-07,latam,gadget,115.23
TX3991,2019-03-08,latam,widget,6.54
TX3993,2019-03-08,emea,doohickey,192.17
TX3994,2019-03-08,latam,doohickey,346.44
TX3995,2019-03-08,apac,thingamajig,60.12
TX3999,2019-03-08,apac,doohickey,784.75
TX4000,2019-03-08,apac,thingamajig,15.77
TX4006,2019-03-08,latam,widget,547.24
TX4011,2019-03-08,apac,thingamajig,29.11
TX4012,2019-03-08,emea,thingamajig,220.1
TX4018,2019-03-08,apac,doohickey,804.28
TX4021,2019-03-08,latam,doohickey,461.78
TX4025,2019-03-09,emea,gadget,81.17
TX4027,2019-03-09,emea,gadget,368.32
TX4028,2019-03-09,latam,doohickey,48.1
TX4032,2019-03-09,amer,gadget,35.88
TX4036,2019-03-09,amer,widget,93.47
TX4037,2019-03-09,amer,widget,46.16
TX4039,2019-03-09,amer,gadget,438.78
TX4040,2019-03-09,amer,thingamajig,303.05
TX4045,2019-03-09,amer,doohickey,17.05
TX4052,2019-03-09,emea,thingamajig,1127.06
TX4059,2019-03-09,apac,widget,149.44
TX4063,2019-03-09,apac,widget,30.8
TX4064,2019-03-09,apac,gadget,20.28
TX4071,2019-03-10,emea,doohickey,127.83
TX4078,2019-03-10,emea,gadget,23.71
TX4084,2019-03-10,apac,widget,145.63
TX4091,2019-03-10,amer,widget,429.36
TX4092,2019-03-10,emea,gadget,689.52
TX4097,2019-03-10,latam,thingamajig,141.24
TX4098,2019-03-10,latam,gadget,120.79
TX4101,2019-03-10,apac,doohickey,63.01
TX4104,2019-03-10,apac,widget,146.75
TX4109,2019-03-10,apac,doohickey,236.7
TX4113,2019-03-10,latam,widget,132.44
TX4116,2019-03-11,latam,gadget,120.9
TX4122,2019-03-11,apac,widget,523.35
TX4126,2019-03-11,amer,thingamajig,370.49
TX4131,2019-03-11,amer,doohickey,369.96
TX4135,2019-03-11,emea,doohickey,80.67
TX4140,2019-03-11,amer,widget,64.33
TX4147,2019-03-11,amer,gadget,1150.13
TX4149,2019-03-11,apac,doohickey,30.32
TX4154,2019-03-11,emea,gadget,411.65
TX4157,2019-03-12,apac,gadget,661.77
TX4159,2019-03-12,amer,widget,220.46
TX4165,2019-03-12,apac,gadget,294.4
TX4172,2019-03-12,latam,doohickey,1066.61
TX4174,2019-03-12,emea,widget,166.81
TX4176,2019-03-12,emea,thingamajig,225.91
TX4177,2019-03-12,apac,gadget,101.74
TX4180,2019-03-12,amer,widget,307.9
TX4181,2019-03-12,apac,widget,43.36
TX4188,2019-03-12,amer,widget,184.32
TX4191,2019-03-12,latam,widget,297.61
TX4194,2019-03-12,apac,gadget,91.21
TX4200,2019-03-12,latam,doohickey,717.79
TX4202,2019-03-12,amer,gadget,299.77
TX4206,2019-03-13,amer,gadget,92.95
TX4208,2019-03-13,latam,widget,318.2
TX4210,2019-03-13,apac,widget,226.35
TX4214,2019-03-13,emea,gadget,41.38
TX4217,2019-03-13,apac,widget,974.29
TX4224,2019-03-13,amer,thingamajig,301.24
TX4225,2019-03-13,apac,widget,78.96
TX4228,2019-03-13,emea,widget,76.18
TX4229,2019-03-13,latam,gadget,122.04
TX4233,2019-03-13,latam,doohickey,168.06
TX4234,2019-03-14,apac,gadget,428.59
TX4238,2019-03-14,emea,doohickey,23.38
TX4239,2019-03-14,emea,widget,97.11
TX4242,2019-03-14,latam,gadget,49.75
TX4248,2019-03-14,emea,doohickey,23.71
TX4253,2019-03-14,latam,widget,1017.39
TX4257,2019-03-14,apac,thingamajig,690.19
TX4259,2019-03-14,amer,gadget,18.21
TX4261,2019-03-14,amer,doohickey,131.34
TX4264,2019-03-14,emea,thingamajig,70.09
TX4269,2019-03-14,latam,gadget,196.46
TX4270,2019-03-14,latam,widget,112.42
TX4273,2019-03-14,latam,gadget,421.81
TX4274,2019-03-14,apac,doohickey,11.26
TX4278,2019-03-15,amer,thingamajig,450.54
TX4282,2019-03-15,amer,widget,166.18
TX4288,2019-03-15,apac,doohickey,193.53
TX4292,2019-03-15,latam,widget,115.66
TX4295,2019-03-15,amer,gadget,144.05
TX4302,2019-03-15,emea,gadget,80.06
TX4309,2019-03-15,emea,widget,291.15
TX4315,2019-03-15,latam,gadget,106.11
TX4320,2019-03-15,latam,thingamajig,20.1
TX4325,2019-03-16,latam,doohickey,517.19
TX4326,2019-03-16,emea,gadget,125.53
TX4327,2019-03-16,latam,gadget,720.43
TX4329,2019-03-16,apac,gadget,864.55
TX4330,2019-03-16,latam,gadget,137.14
TX4337,2019-03-16,amer,doohickey,241.83
TX4343,2019-03-16,emea,widget,594.3
TX4347,2019-03-16,amer,doohickey,200.06
TX4352,2019-03-16,emea,thingamajig,152.07
TX4353,2019-03-16,apac,widget,133.45
TX4354,2019-03-16,emea,doohickey,203.5
TX4361,2019-03-16,amer,thingamajig,189.1
TX4364,2019-03-16,latam,thingamajig,120.91
TX4365,2019-03-16,latam,gadget,50.36
TX4370,2019-03-16,latam,widget,230.16
TX4373,2019-03-17,emea,thingamajig,286.48
TX4376,2019-03-17,emea,doohickey,550.6
TX4383,2019-03-17,amer,doohickey,383.77
TX4390,2019-03-17,emea,gadget,167.37
TX4392,2019-03-17,latam,doohickey,90.77
TX4395,2019-03-17,emea,gadget,318.18
TX4399,2019-03-17,latam,thingamajig,62.0
TX4406,2019-03-17,amer,widget,179.41
TX4411,2019-03-17,emea,doohickey,381.26
TX4417,2019-03-17,apac,widget,174.64
TX4419,2019-03-17,apac,widget,56.39
TX4421,2019-03-17,emea,doohickey,13.07
TX4427,2019-03-17,amer,thingamajig,58.29
TX4432,2019-03-17,emea,widget,126.38
TX4435,2019-03-18,latam,gadget,166.03
TX4442,2019-03-18,amer,doohickey,159.45
TX4444,2019-03-18,amer,widget,441.33
TX4447,2019-03-18,emea,gadget,11.68
TX4454,2019-03-18,apac,gadget,208.82
TX4460,2019-03-18,apac,doohickey,66.21
TX4466,2019-03-18,emea,widget,131.43
TX4470,2019-03-18,apac,widget,586.98
TX4472,2019-03-18,amer,doohickey,74.81
TX4476,2019-03-18,amer,thingamajig,547.02
TX4479,2019-03-18,amer,thingamajig,64.08
TX4480,2019-03-19,amer,doohickey,176.95
TX4483,2019-03-19,latam,widget,281.8
TX4486,2019-03-19,amer,doohickey,1073.81
TX4489,2019-03-19,amer,gadget,261.19
TX4491,2019-03-19,apac,widget,179.8
TX4498,2019-03-19,latam,doohickey,472.31
TX4504,2019-03-19,emea,thingamajig,41.18
TX4507,2019-03-19,latam,thingamajig,77.08
TX4511,2019-03-19,apac,doohickey,325.3
TX4517,2019-03-20,latam,doohickey,188.58
TX4522,2019-03-20,apac,gadget,90.67
TX4525,2019-03-20,apac,doohickey,29.65
TX4531,2019-03-20,apac,doohickey,401.49
TX4537,2019-03-20,amer,gadget,27.45
TX4543,2019-03-20,latam,doohickey,497.31
TX4546,2019-03-20,amer,thingamajig,77.45
TX4553,2019-03-20,emea,widget,35.08
TX4557,2019-03-20,emea,thingamajig,533.5
TX4562,2019-03-20,emea,gadget,90.04
TX4564,2019-03-20,amer,thingamajig,1174.46
TX4566,2019-03-21,apac,widget,96.29
TX4570,2019-03-21,apac,doohickey,102.06
TX4576,2019-03-21,latam,doohickey,19.34
TX4578,2019-03-21,apac,gadget,348.7
TX4582,2019-03-21,emea,gadget,374.14
TX4587,2019-03-21,latam,thingamajig,141.48
TX4591,2019-03-21,latam,widget,811.84
TX4592,2019-03-21,amer,widget,188.14
TX4595,2019-03-21,apac,widget,344.38
TX4601,2019-03-21,apac,gadget,5.99
TX4607,2019-03-21,amer,gadget,507.91
TX4608,2019-03-21,amer,gadget,121.11
TX4609,2019-03-21,amer,doohickey,421.73
TX4613,2019-03-21,amer,thingamajig,317.32
TX4619,2019-03-21,amer,thingamajig,1300.42
TX4626,2019-03-22,latam,widget,55.11
TX4628,2019-03-22,apac,gadget,65.96
TX4634,2019-03-22,apac,widget,10.32
TX4637,2019-03-22,emea,thingamajig,303.01
TX4643,2019-03-22,emea,widget,75.9
TX4649,2019-03-22,emea,widget,32.46
TX4655,2019-03-22,latam,thingamajig,34.53
TX4656,2019-03-22,latam,gadget,195.2
TX4658,2019-03-22,emea,doohickey,290.14
TX4662,2019-03-22,amer,gadget,265.09
TX4666,2019-03-22,emea,widget,431.19
TX4669,2019-03-22,emea,thingamajig,34.05
TX4671,2019-03-22,amer,gadget,230.37
TX4677,2019-03-23,apac,widget,131.53
TX4682,2019-03-23,apac,thingamajig,169.61
TX4685,2019-03-23,emea,widget,69.14
TX4686,2019-03-23,latam,gadget,437.77
TX4687,2019-03-23,emea,widget,367.87
TX4690,2019-03-23,latam,doohickey,253.11
TX4693,2019-03-23,emea,gadget,154.79
TX4700,2019-03-23,amer,doohickey,14.66
TX4707,2019-03-23,latam,widget,276.05
TX4708,2019-03-23,emea,widget,462.31
TX4715,2019-03-23,apac,doohickey,40.75
TX4718,2019-03-23,amer,widget,544.83
TX4721,2019-03-23,apac,widget,409.93
TX4725,2019-03-24,amer,thingamajig,791.81
TX4731,2019-03-24,latam,gadget,461.39
TX4732,2019-03-24,emea,gadget,39.12
TX4733,2019-03-24,latam,thingamajig,134.1
TX4735,2019-03-24,amer,widget,231.8
TX4742,2019-03-24,apac,thingamajig,281.84
TX4746,2019-03-24,latam,thingamajig,33.76
TX4747,2019-03-24,amer,widget,20.7
TX4753,2019-03-24,apac,doohickey,491.59
TX4758,2019-03-24,emea,thingamajig,182.71
TX4764,2019-03-24,latam,doohickey,316.28
TX4770,2019-03-24,latam,gadget,275.7
TX4777,2019-03-24,emea,widget,425.29
TX4783,2019-03-24,latam,thingamajig,658.7
TX4784,2019-03-25,amer,gadget,339.09
TX4787,2019-03-25,emea,gadget,847.74
TX4792,2019-03-25,latam,gadget,252.42
TX4793,2019-03-25,latam,widget,152.48
TX4800,2019-03-25,amer,widget,170.62
TX4804,2019-03-25,emea,widget,333.18
TX4808,2019-03-25,emea,widget,132.59
TX4815,2019-03-25,amer,gadget,227.45
TX4821,2019-03-25,amer,doohickey,272.15
TX4828,2019-03-25,apac,thingamajig,18.39
TX4833,2019-03-26,latam,doohickey,355.04
TX4839,2019-03-26,emea,gadget,149.59
TX4840,2019-03-26,amer,doohickey,105.22
TX4846,2019-03-26,apac,thingamajig,31.98
TX4848,2019-03-26,latam,widget,419.02
TX4851,2019-03-26,apac,widget,231.51
TX4858,2019-03-26,latam,gadget,124.77
TX4864,2019-03-26,latam,widget,103.97
TX4870,2019-03-26,emea,thingamajig,441.05
TX4874,2019-03-26,apac,thingamajig,262.83
TX4875,2019-03-26,emea,thingamajig,186.39
TX4882,2019-03-26,apac,gadget,216.14
TX4888,2019-03-26,emea,thingamajig,410.29
TX4893,2019-03-27,latam,gadget,516.66
TX4896,2019-03-27,amer,doohickey,126.75
TX4900,2019-03-27,apac,thingamajig,397.09
TX4905,2019-03-27,amer,doohickey,293.96
TX4911,2019-03-27,apac,gadget,325.38
TX4913,2019-03-27,amer,doohickey,239.87
TX4919,2019-03-27,apac,doohickey,39.16
TX4925,2019-03-27,amer,thingamajig,34.43
TX4930,2019-03-27,latam,doohickey,207.91
TX4937,2019-03-27,emea,widget,136.72
TX4938,2019-03-27,emea,widget,120.07
TX4940,2019-03-27,apac,doohickey,79.54
TX4946,2019-03-27,emea,doohickey,74.22
TX4953,2019-03-28,amer,thingamajig,191.98
TX4954,2019-03-28,apac,thingamajig,234.78
TX4956,2019-03-28,amer,widget,176.66
TX4960,2019-03-28,amer,widget,122.67
TX4961,2019-03-28,apac,thingamajig,331.71
TX4968,2019-03-28,amer,gadget,66.34
TX4975,2019-03-28,apac,doohickey,314.76
TX4979,2019-03-28,emea,gadget,51.88
TX4981,2019-03-28,emea,thingamajig,323.8
TX4982,2019-03-28,amer,gadget,139.28
TX4984,2019-03-28,amer,widget,215.49
TX4988,2019-03-29,apac,widget,301.83
TX4990,2019-03-29,emea,doohickey,638.56
TX4994,2019-03-29,amer,widget,379.45
TX5001,2019-03-29,apac,gadget,300.18
TX5006,2019-03-29,apac,thingamajig,21.95
TX5011,2019-03-29,emea,doohickey,189.83
TX5013,2019-03-29,amer,doohickey,520.75
TX5016,2019-03-29,latam,widget,88.41
TX5017,2019-03-29,latam,gadget,270.31
TX5023,2019-03-29,apac,widget,233.27
TX5029,2019-03-29,latam,widget,525.46
TX5033,2019-03-29,amer,widget,76.16
TX5038,2019-03-29,amer,thingamajig,419.38
TX5039,2019-03-30,apac,doohickey,89.38
TX5044,2019-03-30,emea,gadget,25.62
TX5051,2019-03-30,emea,widget,190.31
TX5053,2019-03-30,apac,thingamajig,271.32
TX5060,2019-03-30,latam,widget,31.34
TX5066,2019-03-30,emea,thingamajig,283.04
TX5072,2019-03-30,emea,widget,101.73
TX5073,2019-03-30,amer,widget,52.04
TX5078,2019-03-30,amer,thingamajig,418.72
TX5082,2019-03-30,latam,thingamajig,148.97
TX5085,2019-03-30,emea,widget,9.09
TX5091,2019-03-30,emea,widget,310.76
TX5097,2019-03-30,amer,widget,457.53
TX5100,2019-03-30,amer,widget,376.03
TX5103,2019-03-30,latam,thingamajig,352.84
TX5110,2019-03-31,latam,gadget,264.43
TX5115,2019-03-31,latam,doohickey,64.59
TX5121,2019-03-31,amer,widget,42.34
TX5126,2019-03-31,apac,widget,503.62
TX5127,2019-03-31,latam,widget,6.21
TX5130,2019-03-31,amer,gadget,61.59
TX5134,2019-03-31,apac,gadget,571.52
TX5136,2019-03-31,amer,gadget,64.87
TX5137,2019-03-31,emea,thingamajig,53.03
TX5143,2019-03-31,amer,widget,196.46
TX5146,2019-03-31,latam,doohickey,29.81
TX5149,2019-03-31,apac,widget,37.93
TX5152,2019-03-31,apac,doohickey,236.91
TX5156,2019-03-31,amer,gadget,148.76
TX5163,2019-04-01,latam,gadget,96.27
TX5164,2019-04-01,apac,thingamajig,95.18
TX5167,2019-04-01,apac,doohickey,444.98
TX5171,2019-04-01,amer,doohickey,154.15
TX5175,2019-04-01,apac,widget,197.54
TX5182,2019-04-01,apac,gadget,84.05
TX5185,2019-04-01,emea,widget,322.41
TX5186,2019-04-01,emea,thingamajig,459.65
TX5193,2019-04-01,emea,doohickey,219.0
TX5198,2019-04-01,latam,gadget,543.6
TX5201,2019-04-01,amer,gadget,124.62
TX5205,2019-04-01,emea,thingamajig,171.9
TX5208,2019-04-01,apac,gadget,172.4
TX1001,2019-01-01,apac,gadget,329.73
TX1003,2019-01-01,emea,thingamajig,325.06
TX1004,2019-01-01,apac,gadget,12.26
TX1009,2019-01-01,apac,thingamajig,226.12
